,age,bmi,gender,year_of_birth,hba1c
GSM1216753,69,24.7,Male,1939,5.8
GSM1216754,56,24.7,Male,1952,
GSM1216755,46,23.9,Female,1962,5.4
GSM1216756,62,27.7,Female,1946,
GSM1216757,70,17.6,Female,1939,
GSM1216758,68,28.4,Male,1941,5.5
GSM1216759,63,21.1,Male,1946,
GSM1216760,52,27,Male,1957,4.3
GSM1216761,55,29,Male,1954,
GSM1216762,61,26.1,Female,1948,
GSM1216763,45,29.4,Female,1964,6.9
GSM1216764,65,26.8,Male,1944,
GSM1216765,74,26.2,Male,1935,5.4
GSM1216766,55,28.4,Male,1954,5.8
GSM1216767,32,26,Male,1977,5.5
GSM1216768,62,24.7,Male,1947,4.6
GSM1216769,58,23.9,Male,1951,6.1
GSM1216770,56,22.5,Female,1953,5.3
GSM1216771,64,26.2,Male,1945,4.5
GSM1216772,72,29.1,Female,1937,
GSM1216773,27,21.1,Female,1982,4.3
GSM1216774,55,22,Female,1954,
GSM1216775,44,27.5,Female,1965,5.4
GSM1216776,59,26.2,Male,1951,5.5
GSM1216777,61,26.3,Male,1949,6.2
GSM1216778,62,29.4,Female,1948,5.8
GSM1216779,50,24.5,Male,1960,6
GSM1216780,55,27.8,Male,1955,5.9
GSM1216781,65,28.4,Female,1945,7
GSM1216782,70,26.1,Male,1940,5.6
GSM1216783,53,26.2,Male,1957,5.6
GSM1216784,55,27,Female,1955,8.6
GSM1216785,52,24.8,Male,1958,5.4
GSM1216786,33,24.5,Male,1977,5.3
GSM1216787,75,23.1,Male,1935,6.2
GSM1216788,47,22.9,Female,1963,5
GSM1216789,69,21.5,Female,1941,5.2
GSM1216790,70,20.1,Female,1940,6
GSM1216791,55,23.4,Male,1955,5.3
GSM1216792,57,27.5,Female,1953,5.6
GSM1216793,63,24.8,Male,1947,
GSM1216794,76,33.1,Female,1934,6.8
GSM1216795,58,34.6,Female,1952,6.8
GSM1216796,54,25.7,Female,1956,5.5
GSM1216797,58,23.7,Male,1952,5.3
GSM1216798,62,24.7,Male,1948,8
GSM1216799,61,24.6,Male,1949,4.6
GSM1216800,65,27,Female,1945,6.2
GSM1216801,68,19.4,Male,1942,
GSM1216802,65,26,Female,1945,5.6
GSM1216803,57,33.6,Female,1953,6
GSM1216804,41,24.7,Male,1969,5.5
GSM1216805,58,32.5,Female,1952,6.2
GSM1216806,63,25.3,Male,1948,6.4
GSM1216807,44,28.7,Female,1967,7
GSM1216808,67,34.2,Male,1944,10
GSM1216809,59,25.7,Female,1952,5.1
GSM1216810,68,23.9,Female,1943,5.3
GSM1216811,52,24.9,Male,1959,5.4
GSM1216812,35,26.3,Male,1976,5.3
GSM1216813,54,23.2,Female,1957,6
GSM1216814,70,22.5,Female,1941,5.8
GSM1216815,41,24.2,Male,1970,5.4
GSM1216816,64,30.5,Male,1947,5.7
GSM1216817,68,24.5,Male,1943,6.2
GSM1216818,61,24.2,Male,1950,5.2
GSM1216819,40,31.1,Male,1971,5.7
GSM1216820,65,26,Male,1946,5.2
GSM1216821,69,24.5,Male,1942,5.4
GSM1216822,53,25.4,Female,1958,5.6
GSM1216823,61,28.7,Female,1949,5.6
GSM1216824,70,26.3,Male,1941,5.8
GSM1216825,68,29.4,Female,1943,5.7
GSM1216826,63,28,Female,1948,5.6
GSM1216827,64,25.1,Male,1947,5.7
GSM1216828,68,24.6,Male,1943,6.1
GSM1216829,56,24.2,Female,1955,6.1
GSM1216830,77,29.4,Male,1934,7.3
GSM1216831,52,27.2,Male,1960,
GSM1216832,60,25,Female,1952,5.7
GSM1216833,63,21.3,Male,1949,5.5
GSM1216834,66,27.8,Male,1946,7.2
GSM1216835,63,26.1,Male,1949,6.4
GSM1216836,58,30.9,Male,1954,6.7
GSM1216837,53,27.5,Male,1959,5.9
GSM1216838,54,26.1,Male,1958,5.6
GSM1216839,68,24.7,Male,1944,6
GSM1216840,30,22.8,Male,1982,5.6
GSM1216841,37,24.8,Male,1975,5.3
